geocode,insurance_policies,insured_area_ha,federal_subsidy_brl,insurance_top_crops
-,89,6999.05,1267461.33,"Milho 2ª safra (64), Trigo (11), Pecuário (6)"
1100155,3,0.0,13787.11,Pecuário (3)
1100320,6,343.0,55325.56,Milho 2ª safra (5)
1100338,3,0.0,21535.29,Pecuário (3)
1100403,5,80.0,28684.53,
1101500,3,285.0,44566.66,Milho 2ª safra (3)
1200500,5,0.0,35889.25,Pecuário (5)
1500347,3,0.0,2798.73,Pecuário (3)
1501576,3,0.0,30264.1,Pecuário (3)
1502707,12,2001.0,291505.88,Milho 2ª safra (10)
1503093,3,748.0,109183.87,Milho 2ª safra (3)
1504208,3,0.0,19130.99,Pecuário (3)
1504802,4,0.0,21676.11,Pecuário (4)
1505064,3,0.0,85023.98,Pecuário (3)
1505502,3,547.0,92341.32,
1506583,4,318.0,57707.33,Milho 2ª safra (4)
1506708,3,2219.0,92593.48,
1507300,9,0.0,74851.49,Pecuário (9)
1507458,3,0.0,11396.91,Pecuário (3)
1701903,3,738.0,114400.09,Milho 2ª safra (3)
1702208,7,0.0,113334.06,Pecuário (7)
1703909,3,455.0,67273.07,Milho 2ª safra (3)
1705102,3,431.0,73855.73,Milho 2ª safra (3)
1706100,6,40.15,16351.64,Pecuário (5)
1708304,5,191.0,59804.84,Milho 2ª safra (3)
1709500,3,580.0,30826.21,
1713205,4,330.0,20524.55,Pecuário (3)
1716604,3,222.0,81238.52,
1716703,4,0.0,14434.09,Pecuário (4)
1718204,4,299.0,46158.81,Milho 2ª safra (4)
1718907,4,1202.0,185587.22,Milho 2ª safra (4)
2101400,13,1122.25,116217.16,Milho 2ª safra (13)
2103174,3,0.0,47062.84,Pecuário (3)
2104099,3,0.0,12189.18,Pecuário (3)
2104107,4,429.0,77473.32,Milho 2ª safra (3)
2104404,3,0.0,24620.19,Pecuário (3)
2105708,3,0.0,45980.99,Pecuário (3)
2106102,3,581.0,81274.52,
2106359,4,0.0,18887.09,Pecuário (4)
2109502,5,954.0,130271.27,Milho 2ª safra (4)
2110708,3,0.0,12814.09,Pecuário (3)
2111052,3,0.0,24088.64,Pecuário (3)
2313005,3,0.0,7651.29,Pecuário (3)
2508901,5,220.0,13641.96,Cana-de-açúcar (4)
2509305,5,567.0,29508.5,Cana-de-açúcar (5)
2600401,3,145.0,9808.73,Cana-de-açúcar (3)
2600708,3,121.0,7548.99,Cana-de-açúcar (3)
2604601,3,111.0,7426.0,Cana-de-açúcar (3)
2615003,4,0.0,5691.47,Pecuário (4)
2700409,6,311.0,21182.85,Cana-de-açúcar (6)
2702306,5,208.0,15139.17,Cana-de-açúcar (5)
2705606,3,57.0,2167.62,Cana-de-açúcar (3)
2909307,3,0.0,9162.12,Pecuário (3)
2909901,5,552.5,1038.6,Umbu (5)
2912103,6,30.0,2366.88,Cacau (6)
2912806,3,0.0,8371.37,Pecuário (3)
2916005,3,0.0,2927.38,Pecuário (3)
2922003,4,89.0,62697.65,Café (3)
2931350,3,26.0,24119.71,
2932002,6,941.7,1291.07,Umbu (6)
3100203,4,0.0,5174.77,Pecuário (4)
3100708,10,1173.87,120384.74,Sorgo (9)
3100807,3,92.0,43897.95,
3101102,4,55.0,44755.82,Café (4)
3101607,17,380.0,114118.49,Café (14)
3101706,3,0.0,13108.04,Pecuário (3)
3101904,32,290.56,251870.72,Café (32)
3102001,13,93.35,67698.74,Café (13)
3102506,4,5.21,16225.62,Tomate (4)
3102605,11,63.08,31954.17,Café (9)
3103504,51,1985.41,618654.1,"Café (39), Pecuário (6), Milho 2ª safra (4)"
3104007,15,1023.72,292373.63,Café (10)
3104304,10,110.25,64682.76,Café (8)
3104700,3,0.0,16370.49,Pecuário (3)
3105103,4,55.9,9985.36,Café (3)
3107109,102,2401.95,1022919.57,Café (100)
3107604,11,94.34,51960.82,Café (11)
3108008,3,50.0,42379.97,Café (3)
3109303,4,606.0,91281.27,
3109451,16,1014.11,129172.04,"Milho 2ª safra (10), Sorgo (6)"
3109501,15,229.4,102933.16,Café (14)
3109808,7,158.8,42706.84,Pecuário (6)
3110103,3,21.0,14589.04,Café (3)
3110202,11,32.4,32851.16,Tomate (10)
3110400,15,109.05,84207.66,Café (14)
3110707,10,146.17,25943.97,Café (10)
3110905,8,107.75,70697.0,"Café (4), Tangerina (3)"
3111002,13,137.61,116405.98,Café (11)
3111101,5,0.0,38788.66,Pecuário (5)
3111200,6,88.4,66401.48,Café (5)
3111408,9,1461.13,202620.2,"Pecuário (4), Cana-de-açúcar (3)"
3111507,17,180.01,138603.68,"Café (12), Alho (5)"
3111606,106,2306.06,739182.0,Café (105)
3111804,14,1807.79,266666.77,Milho 2ª safra (10)
3111903,5,36.54,6749.34,Café (4)
3112000,19,380.91,109698.89,Café (18)
3112109,4,98.0,47363.52,Café (4)
3112406,15,361.41,163503.05,Café (12)
3112604,29,2117.26,243708.57,"Milho 2ª safra (15), Sorgo (14)"
3112703,3,0.0,1141.51,Pecuário (3)
3112901,5,66.0,56123.29,Café (5)
3113404,16,158.57,72935.5,Café (16)
3113602,5,26.8,44151.61,Tomate (4)
3113701,6,0.0,13969.87,Pecuário (6)
3113909,39,1394.69,457859.27,Café (39)
3114006,4,3.55,8585.69,Tomate (3)
3114105,10,510.96,66542.81,Café (7)
3114303,5,673.67,120906.56,Café (3)
3114402,15,286.14,242269.55,Café (12)
3114501,77,81.66,239257.91,"Tomate (72), Pimentão (3)"
3114709,10,55.66,57467.65,Café (8)
3115003,17,70.42,27636.33,Pecuário (15)
3115102,13,462.21,87881.87,"Milho 2ª safra (9), Café (4)"
3115805,11,831.53,129897.39,"Milho 2ª safra (8), Sorgo (3)"
3116001,3,84.0,56490.22,Café (3)
3116407,15,123.87,68968.92,Café (15)
3116605,20,68.19,142295.76,Tomate (18)
3116704,3,34.38,11914.08,
3116902,7,239.0,18594.59,Pecuário (5)
3117108,43,225.63,507394.93,"Café (33), Tomate (10)"
3117207,6,11.33,11398.33,Tomate (5)
3117306,78,5309.81,717573.82,"Milho 2ª safra (62), Cana-de-açúcar (10), Sorgo (6)"
3117702,9,95.86,40770.95,Café (8)
3118205,13,33.0,28718.86,Pecuário (12)
3118403,5,9.0,8007.63,Pecuário (4)
3118700,29,633.67,235237.06,Café (27)
3118809,3,0.0,24576.49,Pecuário (3)
3119005,5,79.59,66546.79,Café (3)
3119302,36,2005.78,277079.56,"Sorgo (13), Milho 2ª safra (11), Pecuário (6)"
3119807,4,16.02,8170.79,Café (3)
3120201,11,224.68,54265.24,Café (11)
3121209,6,787.0,86930.2,Milho 2ª safra (4)
3121258,4,0.0,7055.64,Pecuário (4)
3121407,11,23.82,50047.2,Tomate (11)
3122009,3,7.0,1183.9,Café (3)
3122405,3,10.99,4915.98,Café (3)
3122454,3,22.0,10003.07,Café (3)
3123502,10,30.0,15138.82,Pecuário (9)
3123601,33,631.09,290293.08,Café (33)
3123908,3,5.0,1416.14,
3124005,9,35.0,23184.12,Café (9)
3124203,16,69.4,34913.43,Café (16)
3124807,13,807.74,136982.01,"Pecuário (5), Café (4), Milho 2ª safra (4)"
3125200,3,29.3,18579.47,Café (3)
3125952,4,55.0,35511.28,Café (4)
3126109,7,502.29,69934.07,"Milho 2ª safra (3), Pecuário (3)"
3126208,10,626.0,162950.58,"Milho 2ª safra (5), Sorgo (4)"
3126307,5,13.0,13437.55,Café (4)
3126703,4,0.0,20501.73,Pecuário (4)
3126752,3,0.0,8296.73,Pecuário (3)
3127107,45,2501.82,311784.12,"Sorgo (17), Cana-de-açúcar (14), Milho 2ª safra (6)"
3127305,3,0.0,9424.32,Pecuário (3)
3127701,4,0.0,7349.92,Pecuário (4)
3128105,22,306.51,147941.11,Café (19)
3128303,14,104.13,79756.91,Café (12)
3128600,12,842.83,83322.4,"Sorgo (6), Milho 2ª safra (3), Pecuário (3)"
3128907,3,71.54,44161.38,Café (3)
3129103,13,0.0,24522.09,Pecuário (13)
3129202,8,51.98,27008.26,Café (7)
3129509,17,624.0,171705.1,"Alho (5), Milho 2ª safra (4), Sorgo (3)"
3129707,36,940.74,511544.33,Café (34)
3130507,47,682.42,282666.2,Café (45)
3130705,30,1401.38,424125.94,"Café (25), Alho (3)"
3130903,5,54.5,17468.74,Café (5)
3131406,4,514.5,62932.46,
3131604,4,194.0,38767.9,
3131802,3,1.0,4403.96,
3132206,18,37.11,65127.36,Tomate (17)
3132909,39,323.12,136168.76,Café (39)
3133402,13,421.2,53861.07,"Pecuário (6), Cana-de-açúcar (5)"
3133501,8,30.32,14036.72,Café (4)
3134103,4,6.0,6260.05,
3134202,10,1259.67,138649.51,"Sorgo (5), Pecuário (4)"
3134806,16,292.84,222208.75,Café (15)
3134905,4,66.5,36540.0,Café (3)
3135506,6,51.75,3684.5,Café (6)
3135902,3,18.38,6965.01,Café (3)
3136306,10,431.0,30545.06,Pecuário (8)
3136900,7,24.38,14853.61,Café (7)
3137106,5,166.0,22753.05,Milho 2ª safra (3)
3137700,17,261.69,84986.81,Café (16)
3137809,5,8.24,2166.05,Café (3)
3138203,16,692.32,283122.31,Café (15)
3138708,8,652.58,89399.82,Café (7)
3139003,22,198.65,91556.44,Café (20)
3139201,3,0.0,19933.56,Pecuário (3)
3139409,16,154.0,148560.34,Café (16)
3139508,11,210.0,104453.66,Café (11)
3140902,3,44.0,39737.6,Café (3)
3141306,10,573.14,207699.09,"Café (7), Milho 2ª safra (3)"
3142601,16,503.11,222728.31,Café (15)
3142809,18,1035.04,120981.79,"Pecuário (6), Sorgo (6), Cana-de-açúcar (3)"
3143005,5,22.5,20444.54,Café (5)
3143104,45,1799.56,629497.5,"Café (38), Pecuário (3), Sorgo (3)"
3143203,25,265.78,587666.57,"Tomate (13), Café (11)"
3143302,3,0.0,39034.99,Pecuário (3)
3143401,6,109.0,23192.78,Café (3)
3144003,13,99.66,44273.12,Café (12)
3144102,22,146.96,84633.35,Café (22)
3144409,6,16.18,10829.11,"Café (3), Tomate (3)"
3144607,23,223.19,49143.99,Café (23)
3145000,31,1924.4,259125.98,"Sorgo (11), Milho 2ª safra (7), Batata (6)"
3145109,22,120.38,259961.75,"Café (17), Tomate (5)"
3145604,91,174.98,384890.93,"Tomate (82), Café (4), Pimentão (3)"
3145877,3,29.76,8173.9,Café (3)
3146008,5,76.23,21670.0,Café (4)
3147006,13,1800.21,246980.35,Milho 2ª safra (6)
3147204,12,89.37,48263.61,Café (12)
3147600,30,30.14,183809.55,"Ameixa (25), Tomate (4)"
3147709,75,95.49,254543.88,"Tomate (70), Pimentão (4)"
3147907,19,224.04,120369.51,"Café (10), Pecuário (8)"
3148004,16,1328.47,197201.49,"Café (8), Sorgo (4), Milho 2ª safra (3)"
3148103,52,2122.36,739368.13,"Café (41), Milho 2ª safra (6), Sorgo (4)"
3149200,3,384.91,42951.26,
3149804,24,1040.37,136797.87,"Sorgo (10), Café (6), Pecuário (3)"
3149903,11,146.52,31041.95,Café (10)
3150158,3,23.3,8629.13,Café (3)
3150505,7,828.95,108950.14,Milho 2ª safra (5)
3150604,5,13.75,16699.85,Tomate (3)
3150703,9,877.07,109988.46,"Sorgo (4), Milho 2ª safra (3)"
3151503,11,562.65,140728.76,"Café (8), Milho 2ª safra (3)"
3151602,7,570.3,146470.58,Milho 2ª safra (5)
3151701,16,77.96,39734.73,"Café (12), Tomate (4)"
3152501,3,11.64,16159.54,
3152808,8,363.46,46009.3,Pecuário (5)
3152907,5,79.2,20061.13,
3153004,7,49.5,43732.56,"Café (4), Pecuário (3)"
3153400,13,555.11,86788.77,"Pecuário (5), Milho 2ª safra (3), Sorgo (3)"
3153509,7,34.0,21635.9,Café (7)
3154002,5,0.0,15094.41,Pecuário (5)
3154150,8,80.0,62456.97,Café (8)
3154200,24,31.14,81460.68,"Tomate (21), Pimentão (3)"
3155504,21,250.37,183639.17,"Alho (13), Café (6)"
3156106,3,59.0,25448.17,
3156403,8,147.27,47693.62,Café (7)
3156908,33,1758.87,376605.45,"Sorgo (7), Café (7), Pecuário (6)"
3157252,3,21.58,7234.4,Café (3)
3157708,12,137.0,145594.16,Alho (10)
3157906,21,187.0,63969.19,Café (21)
3158300,21,439.0,87279.59,Café (19)
3158904,9,70.0,71236.64,Café (8)
3159209,4,21.0,26098.1,Batata (3)
3159506,5,39.0,43780.33,Café (3)
3159704,4,66.0,52881.07,Café (4)
3159803,7,0.0,40671.43,Pecuário (7)
3159902,9,317.44,123755.95,Café (8)
3160009,5,0.0,1838.7,Pecuário (5)
3161205,5,19.27,14565.09,Café (3)
3161304,10,78.0,12194.12,"Pecuário (7), Cana-de-açúcar (3)"
3161650,3,0.0,23757.14,Pecuário (3)
3162005,59,409.18,331495.27,"Uva (43), Tomate (6), Batata (5)"
3162104,5,11.0,10955.27,
3162252,3,0.0,15066.77,Pecuário (3)
3162948,6,14.0,37994.33,Pecuário (4)
3163805,8,86.8,9229.42,Café (8)
3163904,9,62.82,36973.27,Café (9)
3164308,17,858.35,220327.22,"Café (11), Milho 2ª safra (6)"
3164704,8,58.31,83839.71,Café (5)
3165008,9,21.09,27478.9,"Tomate (5), Café (3)"
3165107,11,149.35,66719.09,Café (10)
3166808,30,893.98,318561.47,Café (24)
3167400,11,96.96,148789.2,"Tomate (6), Café (3)"
3167608,11,105.0,84312.64,Café (11)
3168101,9,138.4,131516.2,"Alho (4), Batata (3)"
3168606,4,0.0,31576.68,Pecuário (4)
3168903,5,119.82,143784.12,Alho (5)
3169307,26,909.41,337486.5,Café (23)
3169406,70,2482.28,631278.16,"Café (61), Milho 2ª safra (8)"
3169604,10,961.0,115945.55,"Sorgo (4), Milho 2ª safra (3)"
3169802,67,268.56,938418.18,"Tomate (57), Caqui (6), Café (3)"
3170107,81,4226.22,712536.34,"Sorgo (39), Pecuário (29), Milho 2ª safra (7)"
3170206,14,1371.8,160895.1,"Milho 2ª safra (5), Pecuário (4), Sorgo (4)"
3170404,64,2078.77,323102.95,Milho 2ª safra (60)
3170701,52,1571.58,672256.54,Café (52)
3170750,3,1099.45,95880.81,Café (3)
3170800,4,0.0,17589.53,Pecuário (4)
3171006,5,516.0,79850.82,Milho 2ª safra (3)
3171105,3,98.0,9021.23,
3171709,49,50.01,218485.4,"Ameixa (30), Tomate (16)"
3200136,27,106.55,91817.03,Café (27)
3200169,10,38.78,18732.34,Café (9)
3200201,6,8.79,6094.65,Café (4)
3200359,3,10.84,5274.63,Café (3)
3200607,23,258.03,273932.98,Café (23)
3200904,8,43.17,18269.16,Café (8)
3201159,11,83.0,69351.62,Café (11)
3201407,22,70.16,52882.55,Café (22)
3201506,17,94.1,117959.78,Café (17)
3201605,7,31.0,36037.63,Café (7)
3201704,9,39.7,26785.2,Café (9)
3201803,5,6.98,2612.35,Café (5)
3201902,7,13.73,6982.86,Café (7)
3202108,8,37.31,40470.21,"Café (5), Pecuário (3)"
3202207,3,16.31,13912.5,Café (3)
3202256,18,81.75,64563.28,Café (18)
3202454,3,30.0,15560.96,Café (3)
3202553,20,65.38,28705.21,Café (20)
3202652,7,67.0,47519.38,Café (7)
3202702,13,43.42,33707.99,Café (13)
3202900,6,13.16,10365.63,Café (6)
3203007,5,34.0,31320.13,Café (5)
3203056,8,102.0,124682.29,Café (8)
3203130,5,18.0,23653.83,Café (5)
3203205,20,146.14,143395.87,Café (20)
3203304,20,166.18,103500.98,Café (20)
3203353,13,59.0,45407.95,Café (13)
3203403,23,72.39,25804.45,Café (23)
3203502,22,238.0,311568.87,Café (21)
3203700,15,66.47,38993.04,Café (15)
3203809,8,28.5,19167.67,Café (7)
3203908,41,335.01,333386.38,Café (41)
3204005,14,112.6,128504.4,Café (14)
3204054,4,37.0,37930.81,Café (4)
3204104,18,136.14,174712.67,Café (18)
3204351,16,136.72,159247.49,Café (16)
3204401,6,24.28,12419.67,Café (6)
3204500,4,23.5,16758.6,Café (4)
3204559,5,24.14,37897.15,Café (4)
3204609,37,99.29,67150.7,Café (36)
3204658,27,173.0,216544.03,Café (27)
3204708,28,114.16,150399.33,Café (28)
3204906,19,187.17,202912.57,Café (19)
3204955,25,52.63,36033.25,Café (25)
3205010,5,48.0,60845.1,Café (5)
3205036,16,45.94,19722.95,Café (16)
3205150,44,124.07,101284.06,Café (44)
3205176,45,220.94,185284.34,Café (45)
3301108,3,0.0,3289.15,Pecuário (3)
3302205,5,0.0,19071.01,Pecuário (5)
3500303,7,73.43,138253.37,Tomate (5)
3500550,24,1319.2,157354.13,"Sorgo (10), Milho 2ª safra (8), Cana-de-açúcar (4)"
3500709,3,44.2,7528.68,
3501004,40,2125.86,674718.77,Café (39)
3502002,3,266.18,6060.87,
3502200,21,1131.94,269268.22,"Trigo (12), Milho 2ª safra (3), Sorgo (3)"
3502309,4,623.08,13801.86,Floresta (4)
3502408,5,272.53,57945.39,Melancia (3)
3502705,67,53.93,270309.38,Tomate (62)
3502804,9,499.57,46657.82,Cana-de-açúcar (7)
3502903,20,921.33,184823.8,"Milho 2ª safra (9), Trigo (7), Sorgo (4)"
3503109,9,244.15,73515.96,Sorgo (5)
3503307,5,95.98,66371.85,Tomate (3)
3504008,50,2185.8,479139.37,Milho 2ª safra (48)
3504107,15,24.94,113100.73,Uva (13)
3504503,27,1694.56,316538.3,"Trigo (10), Sorgo (8)"
3505005,7,289.53,51265.33,Milho 2ª safra (5)
3505351,82,37.24,204778.74,Tomate (80)
3505500,3,38.16,3409.89,Cana-de-açúcar (3)
3505906,15,552.0,114398.46,Cana-de-açúcar (12)
3506102,11,296.62,28744.93,Cana-de-açúcar (11)
3506300,40,1356.57,299171.54,"Milho 2ª safra (28), Sorgo (10)"
3506508,24,983.46,81001.42,"Cana-de-açúcar (12), Sorgo (8), Pecuário (3)"
3507407,7,379.5,44292.23,Cana-de-açúcar (6)
3507506,23,604.44,124157.68,"Pecuário (12), Milho 2ª safra (5), Trigo (3)"
3507605,18,466.93,116164.66,"Tomate (11), Trigo (4)"
3507704,4,431.0,29230.84,Cana-de-açúcar (4)
3507902,7,121.5,24191.03,Café (4)
3508009,62,3260.17,682920.96,"Trigo (41), Milho 2ª safra (8), Sorgo (6)"
3508108,4,224.0,12355.18,Cana-de-açúcar (3)
3508207,3,38.98,7347.83,
3508504,6,70.0,6411.36,Cana-de-açúcar (6)
3508702,26,247.2,55116.09,Café (24)
3508801,8,664.1,72850.77,Cana-de-açúcar (7)
3509403,4,105.73,64256.44,
3509452,22,918.8,177652.6,"Trigo (14), Sorgo (4)"
3509502,10,10.77,27519.19,Uva (9)
3509809,110,5001.54,918664.44,"Milho 2ª safra (97), Cana-de-açúcar (10)"
3510005,307,14023.71,3164942.48,"Milho 2ª safra (298), Cana-de-açúcar (7)"
3510153,4,165.45,18534.6,
3510203,120,6883.24,1811574.6,"Milho 2ª safra (41), Trigo (31), Tomate (15)"
3510302,9,282.98,47844.1,"Milho 2ª safra (5), Trigo (3)"
3510807,8,215.87,44474.97,
3511409,45,2382.02,411951.73,"Trigo (18), Milho 2ª safra (17), Sorgo (6)"
3511607,3,139.34,24899.07,
3511706,7,316.0,18822.39,Cana-de-açúcar (7)
3512001,8,559.0,49343.77,Cana-de-açúcar (8)
3512209,12,129.27,340589.32,Tomate (11)
3512308,7,50.01,16985.56,Pecuário (6)
3512506,28,1210.49,82437.61,Cana-de-açúcar (25)
3512605,23,1050.29,196031.67,"Trigo (10), Sorgo (6), Milho 2ª safra (5)"
3512902,7,99.0,75884.21,Tomate (6)
3513108,3,106.0,9682.47,Cana-de-açúcar (3)
3513207,44,1305.18,719229.21,Café (43)
3513306,99,4226.48,932309.93,Milho 2ª safra (99)
3513702,11,155.0,196748.79,"Pecuário (6), Cana-de-açúcar (5)"
3513900,16,95.09,19081.1,Café (14)
3514106,16,407.4,245520.04,"Café (12), Cana-de-açúcar (4)"
3514403,3,46.49,25711.03,
3514601,3,66.0,5845.92,Cana-de-açúcar (3)
3514908,23,63.1,133755.66,"Uva (14), Pimentão (3), Tomate (3)"
3515186,14,122.36,30600.46,Café (12)
3515194,5,248.0,27924.17,Milho 2ª safra (3)
3515350,6,275.5,40333.73,Milho 2ª safra (6)
3515400,20,329.35,227898.45,"Milho 2ª safra (8), Café (6), Tomate (6)"
3516101,35,1796.01,398503.78,"Milho 2ª safra (31), Cana-de-açúcar (3)"
3516200,43,847.9,346388.3,Café (42)
3516705,3,71.0,73376.8,Café (3)
3517000,7,328.7,50909.84,Cana-de-açúcar (4)
3517307,4,125.6,17006.04,
3517406,33,2168.26,365866.44,"Milho 2ª safra (27), Cana-de-açúcar (5)"
3517604,33,309.96,250364.83,"Trigo (14), Tomate (10), Pêssego (4)"
3517703,8,493.6,43305.14,Cana-de-açúcar (4)
3517802,4,85.7,87046.36,Tomate (3)
3518107,4,206.19,64610.58,Melancia (3)
3518206,3,100.0,7312.53,
3518305,24,64.43,289158.25,Caqui (18)
3518404,3,0.0,5097.37,Pecuário (3)
3518503,3,106.44,29043.38,
3518859,5,97.0,11875.19,Cana-de-açúcar (4)
3519253,7,605.97,66876.73,Cana-de-açúcar (4)
3519501,68,4022.43,652371.27,"Milho 2ª safra (56), Cana-de-açúcar (12)"
3519600,8,545.0,56425.04,Cana-de-açúcar (8)
3519907,116,7362.84,1617137.66,Milho 2ª safra (114)
3520103,7,210.0,15551.66,Cana-de-açúcar (7)
3520509,100,282.56,477658.81,Uva (97)
3520905,24,1125.57,296177.54,Milho 2ª safra (23)
3521309,3,205.0,39789.58,Milho 2ª safra (3)
3521705,459,21346.3,4451539.56,"Milho 2ª safra (202), Trigo (201), Sorgo (29)"
3521804,135,7914.09,1661383.51,"Trigo (102), Milho 2ª safra (21), Sorgo (10)"
3522158,19,25.76,171817.6,Tomate (19)
3522307,86,3453.14,922633.22,"Milho 2ª safra (45), Trigo (26), Caqui (6)"
3522406,343,13870.14,3765815.16,"Trigo (161), Milho 2ª safra (105), Tomate (43)"
3522604,16,24.81,82005.38,"Pecuário (8), Tomate (3)"
3522703,5,69.58,15411.12,Cana-de-açúcar (3)
3522802,86,3751.17,778694.57,"Milho 2ª safra (54), Trigo (19), Sorgo (13)"
3523206,158,6408.6,1397954.1,"Trigo (96), Milho 2ª safra (60)"
3523404,45,56.46,263765.28,"Uva (23), Caqui (12), Pêssego (5)"
3523503,15,989.52,174178.23,"Trigo (8), Milho 2ª safra (4)"
3523602,9,664.41,15778.63,Floresta (9)
3523701,24,489.39,211821.08,Café (23)
3523909,5,28.07,66346.4,Tomate (5)
3524006,36,71.78,190695.57,Uva (34)
3524105,19,937.27,159902.44,"Cana-de-açúcar (9), Café (4), Milho 2ª safra (4)"
3524204,15,1121.72,63754.06,Cana-de-açúcar (15)
3524303,14,580.25,64491.93,Cana-de-açúcar (13)
3525102,5,315.0,19665.32,Cana-de-açúcar (5)
3525201,38,76.61,338839.32,Uva (34)
3525300,13,535.32,44999.36,Cana-de-açúcar (13)
3525409,46,1066.14,511064.37,Café (45)
3525706,11,495.0,46517.23,Cana-de-açúcar (10)
3525904,89,129.66,523187.06,"Uva (69), Caqui (10), Pêssego (7)"
3526407,5,41.16,10877.18,Pecuário (3)
3527108,29,368.07,781006.96,"Pecuário (24), Cana-de-açúcar (4)"
3527306,85,134.99,425192.81,"Uva (75), Caqui (9)"
3527504,3,114.0,11502.61,
3527900,4,275.82,63219.11,Milho 2ª safra (3)
3528106,6,124.0,8274.49,Cana-de-açúcar (6)
3528304,4,248.0,18603.7,Cana-de-açúcar (3)
3528601,22,1150.32,215944.21,"Trigo (11), Milho 2ª safra (7)"
3528809,238,10133.96,2108981.4,Milho 2ª safra (234)
3529005,3,166.3,45650.2,
3529203,4,25.22,21248.49,
3529302,6,400.67,35145.61,Cana-de-açúcar (4)
3529708,28,1395.5,218135.51,"Milho 2ª safra (19), Sorgo (6), Cana-de-açúcar (3)"
3530201,15,805.72,181814.1,"Milho 2ª safra (9), Pecuário (6)"
3530508,11,141.38,161966.14,"Pecuário (5), Café (3)"
3530607,18,66.83,251524.07,Caqui (16)
3530706,18,127.51,390950.4,Tomate (17)
3530805,35,80.67,1010894.5,"Pecuário (25), Tomate (9)"
3531308,3,70.0,7291.12,
3531407,5,70.0,6952.3,Cana-de-açúcar (5)
3531506,6,445.03,30368.92,Cana-de-açúcar (6)
3531803,25,490.57,487903.28,Tomate (22)
3531902,7,256.84,24875.38,Cana-de-açúcar (6)
3532157,37,3715.77,492011.42,Milho 2ª safra (35)
3532207,25,1814.2,360166.61,Milho 2ª safra (25)
3532603,10,308.0,41830.94,"Cana-de-açúcar (5), Floresta (3)"
3532827,12,106.61,49196.46,Tomate (8)
3532868,6,173.0,15743.31,Cana-de-açúcar (5)
3533809,18,785.47,183882.0,Milho 2ª safra (10)
3533908,9,176.45,17210.77,Cana-de-açúcar (8)
3534203,5,188.0,17441.16,Cana-de-açúcar (5)
3534302,3,334.51,35469.84,Cana-de-açúcar (3)
3534708,43,2467.88,389836.4,"Milho 2ª safra (33), Sorgo (6), Cana-de-açúcar (4)"
3534906,6,122.0,10271.81,"Cana-de-açúcar (3), Pecuário (3)"
3535309,285,9971.53,2075674.11,"Milho 2ª safra (266), Cana-de-açúcar (16)"
3535507,31,1550.09,256005.26,Milho 2ª safra (30)
3535606,3,0.0,5193.96,Pecuário (3)
3535804,114,4706.54,1473633.67,"Trigo (49), Laranja (32), Milho 2ª safra (16)"
3536109,3,57.36,35004.77,
3536257,4,77.06,61790.53,Tomate (3)
3536307,25,433.31,287497.45,Café (24)
3536604,6,242.0,18589.11,Cana-de-açúcar (6)
3537008,100,3408.65,1078738.35,Café (100)
3537156,117,3232.47,744045.32,"Milho 2ª safra (111), Cana-de-açúcar (3), Trigo (3)"
3537305,41,1379.8,360703.08,"Cana-de-açúcar (27), Tomate (14)"
3537404,3,215.6,18200.04,
3537800,9,96.15,83856.96,Repolho (3)
3537909,47,730.77,363268.39,"Caqui (11), Milho 2ª safra (10), Uva (9)"
3538204,5,22.34,96524.81,Pecuário (4)
3538709,8,492.86,15811.32,Floresta (5)
3538808,49,2635.24,488758.85,"Sorgo (16), Milho 2ª safra (15), Trigo (12)"
3538907,5,52.0,50808.13,Tomate (3)
3539301,3,75.24,17548.94,
3539608,7,714.0,53426.17,Cana-de-açúcar (7)
3539707,37,1850.28,286615.3,"Milho 2ª safra (32), Cana-de-açúcar (5)"
3540002,4,575.0,49599.93,Cana-de-açúcar (4)
3540101,9,250.0,42948.17,Cana-de-açúcar (6)
3540507,3,26.0,2669.25,
3540606,7,85.36,38319.93,"Tomate (3), Uva (3)"
3540705,4,72.45,47111.31,Tomate (3)
3541208,5,58.6,62964.37,Tomate (3)
3541406,3,0.0,17023.38,Pecuário (3)
3541505,3,0.0,43756.19,Pecuário (3)
3541653,11,225.0,95366.74,"Milho 2ª safra (6), Tomate (3)"
3542206,70,3492.47,615952.44,Milho 2ª safra (68)
3542404,3,159.24,33467.37,
3542503,7,354.98,130479.62,Tomate (3)
3542701,10,472.73,163373.6,Café (9)
3543006,118,394.21,1298168.81,"Tomate (78), Pêssego (7), Maçã (6)"
3543105,25,438.46,251563.79,Café (25)
3543204,104,5496.13,1153139.32,"Milho 2ª safra (98), Sorgo (4)"
3543253,26,452.81,178874.99,"Tomate (9), Trigo (6), Milho 2ª safra (4)"
3543501,35,1477.3,370134.88,"Milho 2ª safra (24), Trigo (9)"
3544251,16,1615.47,432596.36,Milho 2ª safra (15)
3544806,7,29.78,37231.95,Pecuário (3)
3544905,9,762.0,100243.8,Cana-de-açúcar (7)
3545100,5,682.0,49818.26,Cana-de-açúcar (5)
3545308,11,366.68,43341.95,"Sorgo (8), Milho 2ª safra (3)"
3545407,109,6664.79,1230885.08,Milho 2ª safra (107)
3545506,4,244.24,41278.32,Milho 2ª safra (4)
3546306,4,71.6,3371.52,Cana-de-açúcar (4)
3546405,328,11843.83,2554783.59,"Milho 2ª safra (298), Sorgo (15), Trigo (9)"
3546801,9,24.65,95413.38,Caqui (9)
3547007,6,54.0,3867.15,Cana-de-açúcar (5)
3547601,7,116.41,9109.63,Cana-de-açúcar (7)
3547700,6,230.0,126282.4,"Milho 2ª safra (3), Tomate (3)"
3547908,49,749.01,534213.24,"Café (34), Tomate (8), Pecuário (5)"
3548054,21,759.9,217737.76,"Cana-de-açúcar (11), Pecuário (5), Tomate (5)"
3548104,12,66.58,25465.42,Café (12)
3548906,8,573.2,75344.81,Cana-de-açúcar (4)
3549102,9,116.94,31066.97,Café (5)
3549409,4,463.74,30322.05,Cana-de-açúcar (4)
3549508,18,424.7,147372.36,"Café (11), Cana-de-açúcar (4)"
3549706,3,107.37,31866.33,
3549805,3,0.0,873.41,Pecuário (3)
3550209,111,3594.4,1510424.86,"Milho 2ª safra (32), Trigo (26), Caqui (18)"
3550407,3,104.75,2550.07,Floresta (3)
3550506,115,4695.24,989209.62,"Milho 2ª safra (106), Sorgo (9)"
3550803,7,84.78,26001.65,Café (7)
3551108,9,282.33,41441.79,Trigo (4)
3551207,7,552.65,100619.22,Milho 2ª safra (4)
3551702,3,75.0,6166.09,Cana-de-açúcar (3)
3551801,4,70.07,75893.61,Banana (4)
3552106,4,26.16,12165.02,Tomate (3)
3552205,6,180.06,50715.09,Milho 2ª safra (3)
3552403,39,267.58,808521.2,Tomate (37)
3552908,15,1467.88,230523.89,Milho 2ª safra (14)
3553005,10,382.49,107511.99,"Café (5), Trigo (4)"
3553302,9,211.85,20405.6,Cana-de-açúcar (8)
3553609,4,43.9,9640.4,
3553708,5,69.45,9811.03,Cana-de-açúcar (4)
3553807,95,3426.38,564185.74,"Trigo (38), Sorgo (34), Milho 2ª safra (21)"
3553856,72,2554.0,1510810.64,"Milho 2ª safra (18), Caqui (13), Trigo (13)"
3553955,42,2686.94,481154.87,"Milho 2ª safra (38), Cana-de-açúcar (4)"
3554003,13,458.23,107153.85,"Milho 2ª safra (6), Cana-de-açúcar (4)"
3554201,17,650.54,193283.66,"Milho 2ª safra (8), Café (7)"
3554300,4,289.64,41207.99,Milho 2ª safra (3)
3554409,5,176.0,15082.92,Cana-de-açúcar (5)
3554508,4,8.46,35499.58,Pecuário (3)
3554607,3,53.61,19510.82,
3554656,3,0.0,2025.87,Pecuário (3)
3554706,4,664.51,14417.5,Floresta (3)
3555208,11,482.5,137411.42,"Cana-de-açúcar (6), Tomate (4)"
3556206,3,0.0,5731.34,Pecuário (3)
3556404,4,19.0,18468.07,Batata (3)
3556701,7,27.03,62071.71,Uva (6)
3556800,3,73.0,6398.08,Cana-de-açúcar (3)
3557105,5,73.81,11404.08,
3557204,27,1316.68,256514.7,Milho 2ª safra (27)
4100103,77,3382.72,680691.35,"Milho 2ª safra (65), Trigo (11)"
4100459,5,171.34,34396.27,Milho 2ª safra (4)
4100509,35,1762.04,337983.86,Milho 2ª safra (35)
4100707,116,8915.2,1616816.28,Milho 2ª safra (116)
4100806,146,8037.8,1536437.77,Milho 2ª safra (145)
4100905,5,358.0,69526.95,Milho 2ª safra (4)
4101002,16,379.53,79232.57,"Trigo (12), Milho 2ª safra (4)"
4101051,43,1260.45,260447.12,Milho 2ª safra (42)
4101101,194,7818.9,1691882.71,"Milho 2ª safra (183), Cana-de-açúcar (7), Trigo (3)"
4101150,37,1331.68,295477.16,Milho 2ª safra (37)
4101309,6,78.83,17965.47,Trigo (3)
4101408,121,5399.4,1041206.27,"Milho 2ª safra (92), Trigo (26)"
4101507,140,5868.49,1170155.41,"Milho 2ª safra (122), Trigo (18)"
4101606,43,3455.44,705129.56,"Trigo (26), Cevada (7), Pecuário (7)"
4101655,62,1769.84,354956.0,"Milho 2ª safra (32), Trigo (30)"
4101705,90,3181.96,711424.86,"Milho 2ª safra (83), Trigo (7)"
4101804,6,71.1,36047.85,Trigo (5)
4101853,44,1648.03,318237.3,"Milho 2ª safra (28), Trigo (16)"
4101903,201,8722.33,1715969.11,"Milho 2ª safra (170), Trigo (30)"
4102000,471,18409.72,4572735.94,Milho 2ª safra (470)
4102109,160,7475.07,1473864.19,Milho 2ª safra (159)
4102208,93,4248.66,979335.86,Milho 2ª safra (93)
4102307,4,205.43,34676.68,Cevada (3)
4102406,194,7175.56,1582259.59,"Milho 2ª safra (182), Trigo (7), Cana-de-açúcar (4)"
4102505,102,4122.92,865803.56,Milho 2ª safra (99)
4102703,83,3336.04,626859.55,"Milho 2ª safra (56), Trigo (22), Sorgo (4)"
4102752,6,109.86,17954.36,"Milho 2ª safra (3), Trigo (3)"
4102802,117,6696.72,1251565.58,"Milho 2ª safra (110), Trigo (7)"
4102901,7,18.11,28184.53,Uva (6)
4103008,97,4528.19,1030722.35,Milho 2ª safra (97)
4103024,6,112.74,26298.96,Trigo (4)
4103040,22,1397.28,275719.76,"Trigo (16), Feijão 2ª safra (5)"
4103057,41,1369.78,254027.22,"Trigo (22), Milho 2ª safra (16)"
4103206,44,2226.31,471402.19,"Milho 2ª safra (38), Trigo (6)"
4103222,17,530.98,134164.39,"Milho 2ª safra (9), Trigo (7)"
4103305,69,4022.83,673251.84,"Milho 2ª safra (63), Trigo (6)"
4103354,80,3105.38,682003.8,"Milho 2ª safra (72), Trigo (4)"
4103370,140,8760.79,1722802.16,Milho 2ª safra (140)
4103404,15,527.42,122369.31,Milho 2ª safra (13)
4103453,91,4424.6,1013007.28,"Milho 2ª safra (85), Trigo (6)"
4103479,18,1974.63,325345.38,Milho 2ª safra (17)
4103503,40,1706.97,308209.69,"Milho 2ª safra (35), Trigo (5)"
4103602,273,11413.42,2629209.95,"Milho 2ª safra (261), Cana-de-açúcar (8)"
4103701,227,15374.38,3300240.77,"Milho 2ª safra (223), Trigo (4)"
4103800,52,1492.29,296387.99,"Milho 2ª safra (45), Trigo (5)"
4103909,96,7305.08,1532562.43,Milho 2ª safra (96)
4103958,12,981.8,295222.87,Cevada (8)
4104055,19,863.61,210567.85,"Milho 2ª safra (13), Trigo (4)"
4104105,16,237.99,743305.96,"Maçã (13), Trigo (3)"
4104204,3,18.77,6593.74,
4104303,130,7296.14,1620700.61,"Milho 2ª safra (109), Trigo (19)"
4104402,30,1320.77,321242.34,"Trigo (15), Milho 2ª safra (11), Tomate (3)"
4104428,46,3412.3,653506.57,"Feijão 2ª safra (22), Cevada (10), Trigo (7)"
4104451,25,812.21,222792.22,"Feijão 2ª safra (9), Cevada (8), Trigo (5)"
4104501,63,1264.8,277206.0,"Milho 2ª safra (53), Trigo (10)"
4104600,38,926.39,203098.13,"Milho 2ª safra (32), Trigo (5)"
4104659,86,6512.84,928859.49,"Cevada (39), Trigo (27), Feijão 2ª safra (9)"
4104709,32,1330.95,191797.26,"Trigo (20), Milho 2ª safra (12)"
4104808,273,12133.03,2662413.79,"Milho 2ª safra (226), Trigo (39), Feijão 2ª safra (8)"
4104907,45,2868.65,563800.83,"Trigo (24), Cevada (8), Pecuário (7)"
4105003,32,1852.47,342835.73,"Feijão 2ª safra (15), Milho 2ª safra (10), Trigo (7)"
4105102,58,2571.56,546831.52,Milho 2ª safra (58)
4105300,85,3262.51,685413.83,"Milho 2ª safra (50), Trigo (32)"
4105409,15,679.82,146148.07,Trigo (13)
4105508,44,1772.28,378546.75,Milho 2ª safra (43)
4105706,5,89.34,15057.64,Feijão 2ª safra (3)
4105904,16,651.98,135241.88,Milho 2ª safra (16)
4106001,88,5444.3,1003876.24,"Milho 2ª safra (47), Trigo (37), Café (3)"
4106100,9,923.58,184599.7,"Milho 2ª safra (5), Trigo (4)"
4106209,10,111.64,20714.99,Trigo (5)
4106308,93,5373.36,1146616.93,"Milho 2ª safra (88), Trigo (3)"
4106407,187,10593.07,1904325.52,"Milho 2ª safra (174), Trigo (13)"
4106506,42,1281.76,277204.1,"Trigo (31), Feijão 2ª safra (6), Milho 2ª safra (5)"
4106555,15,729.78,125090.14,"Milho 2ª safra (12), Trigo (3)"
4106571,12,248.82,47142.59,Trigo (8)
4106605,14,626.57,139267.02,"Milho 2ª safra (11), Pecuário (3)"
4106704,29,1368.93,307058.0,Milho 2ª safra (26)
4106852,63,3369.06,641009.54,"Milho 2ª safra (49), Trigo (13)"
4107009,8,553.92,63970.87,Trigo (7)
4107108,8,323.83,69020.58,Milho 2ª safra (7)
4107124,6,318.67,62324.7,Milho 2ª safra (3)
4107157,20,694.39,131873.64,"Milho 2ª safra (17), Trigo (3)"
4107207,25,644.39,104823.97,Trigo (22)
4107306,87,2369.72,516972.97,Milho 2ª safra (87)
4107405,8,139.15,43610.05,Trigo (6)
4107504,185,11490.07,2584509.17,Milho 2ª safra (185)
4107520,4,0.0,4713.87,Pecuário (4)
4107538,19,490.02,121026.06,Milho 2ª safra (18)
4107546,40,1072.76,192683.79,"Milho 2ª safra (18), Feijão 2ª safra (12), Trigo (9)"
4107553,64,4070.06,902983.19,Milho 2ª safra (62)
4107603,90,5177.53,999085.59,"Trigo (53), Milho 2ª safra (33)"
4107702,105,6302.56,1267633.81,Milho 2ª safra (105)
4107736,15,599.01,111965.43,"Trigo (5), Batata (3)"
4107801,47,2416.33,539526.85,Milho 2ª safra (46)
4107850,9,506.74,87451.91,Trigo (6)
4107900,70,3135.81,829809.61,Milho 2ª safra (70)
4108007,48,3871.31,642323.93,"Milho 2ª safra (43), Cana-de-açúcar (3)"
4108106,21,1221.61,279394.51,Milho 2ª safra (21)
4108205,201,6401.45,1461475.81,Milho 2ª safra (201)
4108304,48,3300.89,692176.0,"Milho 2ª safra (45), Trigo (3)"
4108320,70,3654.41,737383.29,Milho 2ª safra (69)
4108403,14,497.38,81915.61,"Trigo (11), Milho 2ª safra (3)"
4108452,6,302.71,63837.27,Trigo (5)
4108551,18,410.2,93548.72,"Milho 2ª safra (13), Trigo (5)"
4108601,143,9735.66,2068698.82,Milho 2ª safra (142)
4108650,17,1128.54,268783.23,"Feijão 2ª safra (8), Trigo (5)"
4108700,26,1319.59,254215.67,"Milho 2ª safra (14), Trigo (8)"
4108809,152,7546.87,1774710.43,Milho 2ª safra (150)
4108957,5,225.81,21103.0,Cevada (4)
4109005,7,314.63,61110.84,"Milho 2ª safra (4), Trigo (3)"
4109104,6,215.46,34437.61,Milho 2ª safra (5)
4109203,10,303.23,52067.23,Milho 2ª safra (8)
4109302,30,848.92,162789.45,"Milho 2ª safra (15), Trigo (9), Pecuário (5)"
4109401,178,10719.28,3357290.85,"Cevada (100), Trigo (41), Cebola (20)"
4109609,3,34.37,54991.31,Banana (3)
4109658,13,771.61,136239.47,"Trigo (7), Feijão 2ª safra (4)"
4109708,22,1732.97,290335.21,"Milho 2ª safra (11), Trigo (11)"
4109757,13,706.05,119987.72,"Milho 2ª safra (6), Trigo (5)"
4109807,107,5037.6,1039035.41,"Milho 2ª safra (102), Trigo (5)"
4109906,5,0.0,21224.56,Pecuário (5)
4110003,60,3505.54,681740.47,Milho 2ª safra (60)
4110052,29,786.04,177482.32,Milho 2ª safra (26)
4110078,9,562.49,51183.49,"Trigo (5), Cevada (4)"
4110102,21,1061.17,121811.15,"Cevada (13), Trigo (4)"
4110409,9,211.8,50258.44,"Milho 2ª safra (5), Pecuário (4)"
4110508,46,3070.86,354922.87,"Trigo (21), Cevada (15), Feijão 2ª safra (7)"
4110607,61,4317.13,761554.5,Milho 2ª safra (59)
4110656,31,1480.89,319998.45,Milho 2ª safra (31)
4110706,25,538.41,152837.93,"Cevada (8), Cebola (7), Trigo (6)"
4110805,54,2747.02,482288.08,"Milho 2ª safra (33), Trigo (21)"
4110904,6,285.45,47332.61,Milho 2ª safra (6)
4110953,38,2768.07,627071.52,Milho 2ª safra (36)
4111001,152,6327.88,1390583.52,Milho 2ª safra (150)
4111100,95,4975.31,1013232.04,Milho 2ª safra (93)
4111209,20,490.91,102288.46,"Trigo (16), Milho 2ª safra (4)"
4111407,27,1507.28,235845.44,"Trigo (16), Cevada (8), Feijão 2ª safra (3)"
4111506,103,3073.75,646794.51,"Milho 2ª safra (69), Trigo (31)"
4111605,66,3824.77,989162.05,Milho 2ª safra (66)
4111704,10,636.0,105599.35,Café (5)
4111803,38,2359.62,448594.12,"Milho 2ª safra (27), Cana-de-açúcar (6), Trigo (4)"
4111902,66,4374.08,729868.52,Milho 2ª safra (65)
4112009,21,2217.93,254693.51,"Trigo (12), Cevada (5), Aveia (4)"
4112108,28,750.69,143426.99,Milho 2ª safra (25)
4112207,117,5329.98,1126962.95,"Milho 2ª safra (111), Trigo (6)"
4112306,9,493.67,85697.2,Milho 2ª safra (7)
4112405,36,1828.27,399491.51,Milho 2ª safra (36)
4112504,67,2303.48,518675.92,"Milho 2ª safra (38), Trigo (29)"
4112603,4,385.86,70833.84,Milho 2ª safra (4)
4112702,56,2440.78,479234.16,Milho 2ª safra (54)
4112751,155,4716.77,947525.49,Milho 2ª safra (155)
4112801,6,458.37,54256.13,Trigo (5)
4112900,29,2396.65,438617.67,"Milho 2ª safra (22), Trigo (7)"
4112959,111,5204.39,1177037.73,Milho 2ª safra (111)
4113007,77,3262.9,682259.7,Milho 2ª safra (77)
4113106,94,3220.85,602584.89,"Milho 2ª safra (90), Trigo (4)"
4113205,29,716.95,468810.72,"Trigo (9), Cevada (8), Ameixa (5)"
4113254,9,463.98,66291.8,Milho 2ª safra (7)
4113304,27,773.21,181994.97,"Trigo (16), Feijão 2ª safra (6), Pecuário (3)"
4113403,85,4247.89,858946.01,"Milho 2ª safra (82), Trigo (3)"
4113429,73,2209.58,529805.37,"Milho 2ª safra (68), Trigo (5)"
4113452,21,769.27,155114.17,Milho 2ª safra (18)
4113502,5,762.09,81347.89,
4113601,65,2906.3,650664.34,Milho 2ª safra (64)
4113700,316,18700.3,3732175.65,"Milho 2ª safra (260), Trigo (56)"
4113734,131,9805.09,1935727.25,"Milho 2ª safra (80), Trigo (48), Feijão 2ª safra (3)"
4113759,70,3141.08,708682.7,"Milho 2ª safra (67), Trigo (3)"
4113809,8,451.03,86163.97,Milho 2ª safra (8)
4113908,4,25.18,8407.68,Uva (3)
4114005,221,14490.49,3053918.11,"Milho 2ª safra (205), Trigo (16)"
4114104,101,3992.28,850945.78,Milho 2ª safra (101)
4114203,55,1986.47,368640.33,"Milho 2ª safra (44), Trigo (7), Café (4)"
4114351,3,104.98,15280.45,Trigo (3)
4114401,8,700.87,96911.86,"Trigo (4), Feijão 2ª safra (3)"
4114500,67,1839.12,353738.93,"Trigo (39), Milho 2ª safra (28)"
4114609,137,4028.39,1017730.88,Milho 2ª safra (135)
4114807,208,8767.94,1902744.86,"Milho 2ª safra (194), Trigo (14)"
4114906,57,2682.12,537798.98,"Milho 2ª safra (36), Trigo (19)"
4115101,115,9980.74,2005532.46,Milho 2ª safra (115)
4115200,193,8504.76,1795695.35,Milho 2ª safra (192)
4115309,11,102.36,26229.08,Uva (6)
4115358,120,4262.66,912625.14,Milho 2ª safra (120)
4115408,6,204.55,41263.35,Trigo (5)
4115457,9,463.01,78663.26,"Trigo (5), Milho 2ª safra (3)"
4115507,54,1872.85,377247.31,"Milho 2ª safra (49), Trigo (5)"
4115606,45,2058.32,421561.79,"Milho 2ª safra (39), Trigo (6)"
4115739,39,1208.56,221743.21,"Milho 2ª safra (26), Trigo (13)"
4115754,6,274.08,47596.97,Trigo (5)
4115804,38,1623.0,357828.39,"Milho 2ª safra (34), Trigo (4)"
4115853,42,996.97,226653.0,Milho 2ª safra (40)
4116059,66,2340.93,480980.68,"Milho 2ª safra (61), Trigo (5)"
4116109,64,2264.48,509382.31,Milho 2ª safra (64)
4116307,37,2052.29,408110.35,Milho 2ª safra (37)
4116406,6,306.39,63645.03,Milho 2ª safra (6)
4116604,41,2273.61,407586.02,"Milho 2ª safra (34), Trigo (7)"
4116703,291,10812.02,2389956.15,"Milho 2ª safra (282), Pecuário (6), Trigo (3)"
4116802,57,3253.93,681177.26,Milho 2ª safra (55)
4116901,40,1664.38,359207.65,"Milho 2ª safra (35), Mandioca (5)"
4116950,4,114.77,19436.55,
4117008,43,3035.17,592366.31,"Milho 2ª safra (26), Trigo (15)"
4117057,20,504.17,97461.32,"Milho 2ª safra (9), Trigo (5), Pecuário (5)"
4117214,18,864.0,165420.79,"Trigo (10), Milho 2ª safra (8)"
4117222,83,1986.2,547281.92,Milho 2ª safra (83)
4117255,13,333.1,61094.07,"Milho 2ª safra (7), Trigo (6)"
4117271,23,1141.92,216073.28,"Milho 2ª safra (14), Trigo (8)"
4117297,38,1313.83,253739.43,Milho 2ª safra (36)
4117305,137,9758.39,1685389.4,"Trigo (78), Milho 2ª safra (48), Cevada (6)"
4117404,94,4836.27,1064294.73,Milho 2ª safra (94)
4117453,74,2675.0,703452.33,Milho 2ª safra (74)
4117503,114,4500.0,1032474.78,Milho 2ª safra (114)
4117602,19,326.83,677535.53,Maçã (18)
4117701,59,3014.69,374502.42,"Cevada (24), Trigo (22), Feijão 2ª safra (11)"
4117800,17,743.8,181831.85,Milho 2ª safra (12)
4117909,218,8584.65,1992602.15,Milho 2ª safra (218)
4118006,9,384.24,102294.01,Milho 2ª safra (9)
4118105,38,1284.35,265435.36,Milho 2ª safra (38)
4118451,15,611.32,126875.48,Milho 2ª safra (14)
4118501,46,1297.33,284957.9,"Trigo (16), Milho 2ª safra (15), Feijão 2ª safra (15)"
4118600,4,91.19,63127.43,
4118808,175,7948.46,1863681.64,"Milho 2ª safra (169), Trigo (6)"
4118857,15,1827.31,344171.34,Milho 2ª safra (15)
4119004,20,392.75,78278.06,"Milho 2ª safra (15), Trigo (5)"
4119103,4,4.6,5063.3,Uva (4)
4119301,35,2592.81,862718.67,"Cevada (19), Trigo (9), Cebola (4)"
4119400,27,2415.41,200994.05,"Trigo (16), Cevada (6), Aveia (4)"
4119608,60,2135.18,390661.23,"Trigo (38), Milho 2ª safra (10), Feijão 2ª safra (6)"
4119657,59,2978.47,642492.39,Milho 2ª safra (57)
4119707,6,315.07,69692.09,Milho 2ª safra (6)
4119806,70,1305.94,266082.88,"Milho 2ª safra (39), Trigo (31)"
4119905,62,6714.52,743925.69,"Trigo (35), Cevada (21), Aveia (3)"
4120002,13,979.46,174267.23,Milho 2ª safra (13)
4120101,11,278.34,297494.38,"Maçã (5), Cevada (4)"
4120150,7,296.38,61443.41,"Trigo (4), Pecuário (3)"
4120333,32,2314.81,414825.59,Milho 2ª safra (32)
4120358,23,550.49,115001.27,"Milho 2ª safra (17), Trigo (6)"
4120408,12,642.38,158183.74,Milho 2ª safra (12)
4120507,265,12044.97,2419949.18,Milho 2ª safra (265)
4120606,25,780.49,128991.96,"Trigo (13), Cevada (6), Feijão 2ª safra (3)"
4120655,126,8705.77,1680822.79,"Milho 2ª safra (122), Trigo (4)"
4120853,25,426.2,119702.75,"Milho 2ª safra (22), Trigo (3)"
4120903,52,1405.1,241854.73,"Milho 2ª safra (21), Trigo (18), Feijão 2ª safra (13)"
4121000,27,2613.98,535451.54,"Milho 2ª safra (24), Pecuário (3)"
4121109,130,8457.68,1652202.81,Milho 2ª safra (130)
4121257,11,314.66,60494.27,Milho 2ª safra (9)
4121307,80,3618.16,781873.05,Milho 2ª safra (80)
4121356,67,3623.63,793048.37,Milho 2ª safra (67)
4121406,38,937.9,194425.2,"Milho 2ª safra (19), Trigo (19)"
4121505,14,298.21,73674.85,"Trigo (7), Batata (3)"
4121604,26,676.95,127548.73,"Trigo (14), Milho 2ª safra (7), Feijão 2ª safra (4)"
4121703,39,1218.49,234815.0,"Tomate (18), Trigo (12), Cevada (6)"
4121752,18,1664.02,649898.17,Cevada (15)
4121802,16,1033.53,224887.02,Milho 2ª safra (15)
4121901,61,2782.38,518841.24,"Milho 2ª safra (52), Trigo (9)"
4122107,27,1308.95,276177.1,"Milho 2ª safra (22), Trigo (5)"
4122156,20,419.86,82082.91,"Trigo (13), Milho 2ª safra (3)"
4122172,40,3733.23,774139.81,"Milho 2ª safra (24), Trigo (15)"
4122305,16,62.76,31115.57,"Uva (11), Trigo (4)"
4122404,200,8448.75,1756549.75,"Milho 2ª safra (162), Trigo (35), Café (3)"
4122503,104,4895.37,922183.25,"Milho 2ª safra (78), Trigo (26)"
4122602,3,70.86,19040.86,
4122651,28,1582.06,363189.68,"Uva (13), Milho 2ª safra (10), Trigo (4)"
4122701,124,4940.09,884102.96,Milho 2ª safra (123)
4122909,5,256.43,54258.12,Trigo (3)
4123006,22,633.01,153877.99,"Milho 2ª safra (11), Trigo (11)"
4123105,45,1386.6,306392.51,Milho 2ª safra (43)
4123204,32,1142.75,214213.73,"Milho 2ª safra (17), Trigo (15)"
4123303,6,601.6,114015.71,Milho 2ª safra (5)
4123402,46,2235.82,504375.0,Milho 2ª safra (46)
4123501,103,3518.89,652107.31,"Milho 2ª safra (98), Trigo (4)"
4123600,3,145.09,22141.88,
4123709,24,1923.98,324017.26,Milho 2ª safra (22)
4123808,30,806.57,151353.32,"Trigo (23), Milho 2ª safra (6)"
4123824,21,473.83,88494.85,"Milho 2ª safra (10), Trigo (9)"
4123857,9,541.16,150497.0,Trigo (5)
4123907,157,11785.42,2260879.9,Milho 2ª safra (155)
4123956,5,717.07,128500.54,Milho 2ª safra (5)
4124004,5,280.16,59094.7,Trigo (3)
4124020,40,1837.58,393042.93,"Milho 2ª safra (36), Trigo (4)"
4124053,70,4204.85,927480.49,"Milho 2ª safra (66), Trigo (4)"
4124103,147,6273.52,1319984.54,"Milho 2ª safra (98), Trigo (44), Cana-de-açúcar (3)"
4124301,23,1557.31,296768.09,"Milho 2ª safra (16), Trigo (7)"
4124400,28,509.23,88045.84,"Milho 2ª safra (14), Trigo (10), Feijão 2ª safra (4)"
4124509,12,283.75,47328.4,Milho 2ª safra (10)
4124608,43,2617.8,490349.14,Milho 2ª safra (43)
4124707,59,3471.51,628663.05,"Milho 2ª safra (30), Trigo (29)"
4124806,9,259.87,50729.22,Trigo (6)
4125001,97,5011.63,979418.61,Milho 2ª safra (95)
4125100,3,89.5,15902.19,
4125209,23,782.95,156368.67,"Milho 2ª safra (14), Trigo (7)"
4125308,121,6077.69,1331571.88,Milho 2ª safra (121)
4125407,7,160.8,36279.6,Trigo (3)
4125456,16,819.58,146790.72,Milho 2ª safra (16)
4125555,6,374.02,106504.23,Milho 2ª safra (6)
4125605,10,251.06,56854.6,Trigo (7)
4125704,210,9240.98,1998895.68,"Milho 2ª safra (188), Trigo (22)"
4125753,40,1378.83,273078.24,"Milho 2ª safra (32), Trigo (8)"
4125803,86,4799.9,986525.66,"Milho 2ª safra (83), Trigo (3)"
4126009,65,3252.28,637141.11,"Milho 2ª safra (47), Trigo (18)"
4126108,16,439.27,103791.09,Milho 2ª safra (16)
4126207,14,831.71,125928.9,"Trigo (11), Milho 2ª safra (3)"
4126256,57,2413.86,534305.68,"Milho 2ª safra (52), Trigo (5)"
4126306,3,400.55,55356.03,
4126355,39,955.87,225497.24,"Milho 2ª safra (35), Trigo (4)"
4126405,85,6933.43,1390490.71,Milho 2ª safra (85)
4126504,249,13842.94,2808029.43,"Milho 2ª safra (244), Trigo (5)"
4126678,31,2280.21,394790.49,"Milho 2ª safra (18), Trigo (13)"
4127007,39,3616.78,384963.4,"Cevada (20), Trigo (18)"
4127205,68,3662.4,745599.42,Milho 2ª safra (67)
4127403,209,10586.31,2283015.45,Milho 2ª safra (209)
4127502,147,16317.34,1514667.44,"Trigo (84), Cevada (51), Feijão 2ª safra (10)"
4127700,401,16675.82,4145382.43,"Milho 2ª safra (396), Trigo (5)"
4127809,15,1011.54,202681.9,"Trigo (11), Milho 2ª safra (4)"
4127858,60,1255.6,255541.39,"Milho 2ª safra (26), Feijão 2ª safra (20), Trigo (12)"
4127908,30,1270.82,243755.11,Milho 2ª safra (28)
4127957,165,5612.74,1270738.43,Milho 2ª safra (164)
4127965,17,1389.49,338139.5,"Trigo (9), Cevada (5), Feijão 2ª safra (3)"
4128005,198,7588.0,1758157.43,Milho 2ª safra (198)
4128302,36,1677.68,301903.41,Milho 2ª safra (36)
4128401,99,3820.83,816542.95,Milho 2ª safra (98)
4128500,19,536.15,106353.67,Trigo (16)
4128534,20,2428.2,249495.44,"Trigo (16), Cevada (3)"
4128559,115,3979.09,845131.23,"Milho 2ª safra (93), Trigo (19), Feijão 2ª safra (3)"
4128609,35,1863.84,324719.39,Trigo (34)
4128658,11,191.3,48803.58,"Trigo (5), Feijão 2ª safra (3), Milho 2ª safra (3)"
4128708,15,432.36,97488.99,"Trigo (10), Milho 2ª safra (4)"
4200101,8,517.19,72377.99,Trigo (6)
4200408,7,80.0,205884.42,Maçã (4)
4200507,3,0.0,24210.63,Pecuário (3)
4200705,9,25.0,37805.87,Cebola (8)
4201802,6,30.1,54731.78,Cebola (6)
4201901,16,70.5,89542.78,Cebola (16)
4202503,61,185.96,920840.15,Maçã (60)
4202602,9,48.34,53026.0,Tomate (3)
4202859,4,48.16,12221.83,Trigo (4)
4202875,6,79.0,24560.68,Trigo (3)
4203006,37,214.53,788031.03,"Tomate (29), Cebola (4)"
4203154,10,107.23,218776.28,"Cebola (4), Tomate (4)"
4203303,4,43.55,8446.2,Trigo (4)
4203402,7,609.0,92605.19,Trigo (6)
4203501,8,377.76,33854.34,Trigo (6)
4203600,29,2498.56,242412.73,Trigo (26)
4203808,7,194.31,20169.44,Trigo (7)
4204103,4,89.0,17504.36,Trigo (4)
4204194,5,28.0,23484.98,Cebola (3)
4204202,17,404.17,84255.22,Trigo (15)
4204558,6,54.69,192118.01,Maçã (6)
4204806,7,37.42,89367.24,Alho (5)
4205001,10,128.52,33011.24,"Trigo (6), Pecuário (3)"
4205506,32,553.03,516325.02,"Maçã (9), Alho (5), Cebola (5)"
4205555,15,42.78,71272.29,"Alho (10), Cenoura (3)"
4206405,6,107.98,21466.13,Trigo (5)
4206603,3,32.5,5615.82,
4206652,4,36.94,37523.01,
4206801,4,45.04,11006.91,Trigo (4)
4207403,72,395.74,796737.97,Cebola (70)
4207577,6,48.03,21544.73,"Trigo (3), Uva (3)"
4207684,6,100.65,20976.91,Trigo (5)
4207908,4,26.95,6702.34,
4208104,12,258.37,45624.38,Trigo (9)
4208500,64,467.8,877195.8,Cebola (61)
4208708,82,303.97,502009.91,Banana (82)
4209300,8,1033.96,173817.06,Trigo (5)
4209458,4,85.0,21729.21,Trigo (3)
4209706,19,485.56,200860.38,"Cebola (8), Alho (6), Trigo (3)"
4209805,3,9.18,12521.98,Cebola (3)
4210100,27,867.69,115687.02,Trigo (24)
4211058,3,37.81,12217.11,
4211108,3,185.79,17470.06,
4211850,3,90.49,17265.02,Trigo (3)
4211892,8,69.94,236457.19,Maçã (8)
4212205,7,233.24,45681.24,Trigo (6)
4212700,11,45.04,81849.8,Cebola (9)
4213005,5,22.76,7351.79,Pecuário (3)
4213153,3,0.0,13871.4,Pecuário (3)
4213302,4,7.61,13860.1,Alho (3)
4214201,6,31.23,57791.11,Pecuário (4)
4214409,9,86.04,81766.64,Cebola (3)
4214508,3,52.53,11804.94,Trigo (3)
4215000,5,322.5,30670.98,Trigo (3)
4215059,4,14.31,37354.96,
4216503,199,948.97,4311235.97,"Maçã (196), Pecuário (3)"
4216701,7,217.28,59893.99,Trigo (6)
4216800,6,180.68,42754.52,Trigo (3)
4216909,6,19.55,19483.29,Pecuário (5)
4217907,12,123.96,86501.83,"Trigo (6), Uva (5)"
4218756,3,15.1,20986.86,
4218905,17,94.86,429527.34,Maçã (16)
4218954,55,133.68,645669.17,Maçã (55)
4219200,62,314.39,587976.56,Cebola (59)
4219309,29,140.48,230306.39,"Uva (16), Maçã (3), Trigo (3)"
4219705,6,119.33,26178.38,Trigo (5)
4219853,3,326.69,53068.48,Trigo (3)
4300059,17,442.33,106939.13,"Trigo (11), Canola (4)"
4300208,78,2011.46,387749.57,"Trigo (65), Canola (13)"
4300406,26,4493.0,617214.73,"Canola (10), Trigo (10), Aveia (6)"
4300455,12,177.7,35719.56,Trigo (12)
4300471,22,1122.55,244882.14,Trigo (21)
4300505,22,59.46,144319.59,Uva (19)
4300554,11,203.7,47923.3,Trigo (9)
4300570,10,21.57,20865.36,Uva (10)
4300802,55,185.23,335795.81,"Uva (42), Cebola (4)"
4300901,3,0.0,7682.06,Pecuário (3)
4301305,3,80.06,22106.03,
4301503,50,903.34,153439.64,"Trigo (37), Canola (11)"
4301552,3,97.25,18467.76,Trigo (3)
4301602,5,1058.37,105700.84,
4301800,17,140.67,47020.81,"Uva (11), Trigo (4)"
4301958,17,274.73,61092.58,"Trigo (11), Uva (4)"
4302105,324,1360.55,1620519.47,"Uva (307), Pêssego (10), Ameixa (5)"
4302204,10,137.36,27853.25,Trigo (10)
4302220,50,4143.04,730792.68,"Trigo (32), Canola (11), Aveia (7)"
4302238,15,899.82,148626.71,Trigo (11)
4302303,62,522.8,1584170.42,"Maçã (32), Uva (21), Batata (5)"
4302378,7,169.87,31618.44,Trigo (5)
4302501,35,1747.71,276776.07,"Canola (18), Trigo (15)"
4302584,30,942.77,181568.83,"Trigo (25), Aveia (3)"
4302600,7,278.71,59735.36,Trigo (7)
4302709,4,402.0,57154.18,Canola (4)
4302808,3,162.76,20015.19,
4303004,25,1525.55,239586.27,"Canola (12), Trigo (7), Pecuário (4)"
4303202,8,111.59,23726.95,Trigo (7)
4303301,35,1566.42,299857.51,"Trigo (30), Canola (5)"
4303673,126,455.21,861205.92,"Uva (95), Maçã (9), Alho (6)"
4303707,4,79.36,18580.88,Trigo (4)
4304002,27,1419.71,302629.28,"Trigo (24), Canola (3)"
4304101,12,462.26,91349.65,Trigo (9)
4304507,8,263.5,33662.62,Canola (8)
4304622,8,383.39,89109.12,Trigo (8)
4304655,22,2156.0,288638.6,"Canola (12), Trigo (9)"
4304705,23,1155.29,194258.01,"Trigo (14), Canola (9)"
4304903,5,74.38,10688.77,Trigo (3)
4304952,10,373.68,203211.28,Trigo (6)
4305009,58,2742.47,512159.61,"Trigo (49), Canola (8)"
4305108,257,1111.76,2126684.09,"Uva (190), Maçã (23), Pêssego (13)"
4305124,3,73.94,10729.37,
4305207,7,167.97,32674.71,Trigo (7)
4305306,19,1619.67,231070.81,"Trigo (16), Canola (3)"
4305371,3,45.32,9789.99,Trigo (3)
4305405,45,2073.0,379227.93,"Trigo (35), Canola (7), Aveia (3)"
4305504,4,284.2,50956.99,Trigo (3)
4305603,51,1570.71,249998.87,"Canola (28), Trigo (22)"
4305702,13,428.6,73498.96,Trigo (13)
4305850,8,226.3,42268.7,Trigo (7)
4305871,44,1244.36,208472.04,"Trigo (37), Canola (5)"
4305900,32,1470.66,289765.65,Trigo (30)
4305934,43,159.23,190059.88,Uva (42)
4305959,121,479.57,477593.4,Uva (118)
4305975,9,255.5,55739.96,"Trigo (5), Canola (3)"
4306007,40,777.9,179075.06,Trigo (40)
4306106,71,6841.53,1185853.83,"Trigo (51), Canola (15), Aveia (5)"
4306304,8,297.66,36260.8,"Trigo (5), Aveia (3)"
4306320,3,49.0,12141.19,Trigo (3)
4306353,3,160.22,15301.36,
4306429,4,182.2,29453.73,Trigo (4)
4306452,89,360.54,548695.34,Uva (87)
4306601,3,459.1,106496.97,Trigo (3)
4306734,23,589.63,133389.7,Trigo (23)
4306908,8,576.78,92559.5,Trigo (4)
4306924,9,151.08,22719.65,Trigo (8)
4306932,70,2875.96,529633.28,"Trigo (42), Canola (26)"
4307005,3,82.0,14238.05,
4307054,12,366.4,63116.67,"Canola (7), Trigo (4)"
4307104,4,666.0,110637.5,Trigo (3)
4307302,3,89.56,21792.84,Trigo (3)
4307401,13,694.44,203004.11,"Trigo (8), Alho (5)"
4307450,6,146.91,34347.22,Trigo (6)
4307500,59,3036.02,585290.4,"Trigo (40), Aveia (6), Canola (6)"
4307559,5,155.15,37029.34,Trigo (4)
4307815,10,528.56,58079.82,Canola (8)
4307831,51,2154.27,339523.23,"Trigo (31), Canola (17)"
4307864,32,128.19,216113.54,Uva (32)
4307906,339,1475.56,2885058.21,"Uva (303), Pêssego (24), Ameixa (4)"
4308102,4,7.35,14862.73,
4308201,426,1615.07,2521357.77,"Uva (406), Pêssego (10), Cebola (6)"
4308250,3,60.13,16935.09,
4308300,4,183.25,30319.79,Trigo (3)
4308458,30,1494.05,226988.13,"Trigo (12), Canola (10), Aveia (8)"
4308607,82,343.2,400679.05,Uva (81)
4308656,26,1777.94,309728.53,"Trigo (17), Canola (9)"
4308706,3,48.4,11238.82,Trigo (3)
4308904,10,298.9,50859.53,"Trigo (5), Canola (4)"
4309001,88,5191.66,892489.86,"Trigo (67), Canola (18)"
4309126,9,150.4,28387.65,Trigo (9)
4309258,5,202.16,47084.62,Trigo (3)
4309407,32,191.47,143150.15,Uva (30)
4309506,21,431.42,88653.9,Trigo (18)
4309605,29,847.76,163655.02,Trigo (28)
4309704,23,652.25,134649.41,Trigo (22)
4309803,5,115.6,25697.71,Trigo (4)
4309902,4,148.4,46908.47,
4310009,63,2316.79,449127.82,"Trigo (40), Canola (18), Aveia (4)"
4310207,87,2798.55,490861.69,"Trigo (61), Canola (13), Aveia (12)"
4310405,42,2173.81,433135.73,Trigo (42)
4310413,14,366.8,74818.53,Trigo (14)
4310439,35,170.67,360318.1,"Uva (10), Cebola (8), Alho (6)"
4310462,6,134.39,33829.22,Trigo (6)
4310538,5,203.0,18595.82,
4310553,5,167.0,30419.86,Trigo (4)
4310603,19,3448.24,564706.83,"Trigo (13), Canola (5)"
4310850,3,83.3,14347.11,
4310876,8,559.43,96229.36,Trigo (6)
4310900,3,110.47,11014.23,
4311007,3,636.0,122984.69,Trigo (3)
4311106,4,559.2,65070.14,Trigo (3)
4311130,20,3308.15,503328.98,"Trigo (12), Canola (8)"
4311155,63,5878.33,1076681.22,"Trigo (41), Canola (22)"
4311205,47,3330.46,522082.04,"Canola (33), Trigo (13)"
4311254,4,359.08,49952.92,
4311270,29,606.23,116494.76,"Trigo (21), Canola (4)"
4311304,18,1227.89,258538.22,Trigo (16)
4311502,7,1157.0,189238.58,Trigo (5)
4311601,7,64.78,17503.13,Trigo (5)
4311700,9,274.78,67592.75,Trigo (9)
4311718,5,578.43,127586.8,Trigo (4)
4311759,17,1283.0,157847.32,"Canola (10), Trigo (6)"
4311809,10,453.28,96682.97,"Trigo (5), Canola (3)"
4311908,6,134.33,30971.46,Trigo (3)
4312138,14,237.51,47380.9,"Trigo (8), Aveia (3), Canola (3)"
4312179,8,218.51,38905.35,Trigo (8)
4312203,5,41.53,19092.83,Trigo (3)
4312302,6,81.0,16987.64,Trigo (6)
4312377,201,805.41,1096514.37,"Uva (169), Maçã (24), Trigo (4)"
4312385,163,657.74,736199.65,Uva (161)
4312427,6,253.69,53566.21,Trigo (4)
4312609,4,15.03,9054.12,Uva (3)
4312617,54,1801.19,1478331.55,"Maçã (30), Trigo (20), Alho (4)"
4312658,32,1057.09,221975.58,"Trigo (27), Feijão 2ª safra (3)"
4312674,4,167.3,29306.75,Canola (3)
4312708,4,146.6,28243.62,Trigo (4)
4312906,3,1.3,9861.61,
4312955,20,335.35,67114.95,"Trigo (15), Canola (3)"
4313011,11,228.21,45499.84,Trigo (9)
4313086,235,828.41,1227844.33,"Uva (203), Cebola (16), Maçã (4)"
4313300,5,11.86,31091.74,Pecuário (3)
4313334,68,1910.75,332494.79,"Trigo (54), Canola (9), Aveia (4)"
4313359,175,508.5,769999.36,"Uva (169), Pêssego (3)"
4313425,17,399.45,89251.62,Trigo (17)
4313466,4,77.52,14851.68,Trigo (4)
4313490,9,147.03,24745.44,Trigo (6)
4313607,7,122.1,27605.15,"Feijão 2ª safra (4), Trigo (3)"
4313706,48,3871.79,702470.72,"Trigo (31), Canola (10), Aveia (6)"
4313904,41,2056.59,340176.24,"Trigo (34), Canola (3), Aveia (3)"
4314001,5,29.36,18302.61,Uva (3)
4314100,29,1762.68,309350.0,"Trigo (16), Canola (11)"
4314175,6,916.0,137130.66,Trigo (6)
4314308,33,2273.02,360724.46,"Trigo (25), Canola (5)"
4314464,5,212.0,66957.18,Trigo (4)
4314472,4,587.2,84079.56,
4314548,205,1044.07,1769700.62,"Uva (137), Pêssego (65)"
4314555,5,73.71,11304.04,Canola (3)
4314605,5,438.0,62952.62,Canola (3)
4314704,39,162.0,412903.7,"Uva (31), Tomate (3)"
4314779,10,540.0,85842.37,"Trigo (6), Canola (3)"
4314787,4,56.0,13216.33,
4315008,7,151.54,34564.8,Trigo (6)
4315057,3,58.51,12110.01,Trigo (3)
4315313,5,167.23,30184.23,
4315321,12,818.44,150799.41,"Canola (9), Trigo (3)"
4315354,17,728.56,159974.49,Trigo (15)
4315404,5,275.3,51647.7,Trigo (4)
4315503,4,73.0,9731.0,Canola (4)
4315552,6,109.6,20037.15,Trigo (6)
4315701,5,192.66,36777.33,Trigo (4)
4315800,3,18.07,24877.4,
4315958,22,928.99,163253.85,"Trigo (19), Canola (3)"
4316105,18,614.93,111549.57,"Trigo (10), Canola (3)"
4316204,23,443.39,93465.97,"Trigo (18), Uva (3)"
4316303,11,290.1,54432.62,Trigo (10)
4316402,8,838.42,157138.14,Trigo (5)
4316436,37,1837.52,321470.43,"Trigo (21), Canola (14)"
4316451,13,1279.18,172926.91,"Aveia (5), Canola (5), Trigo (3)"
4316477,5,91.63,19656.43,Trigo (5)
4316600,12,219.14,43347.09,Trigo (11)
4316709,58,5473.16,892597.41,"Trigo (32), Canola (25)"
4316733,7,223.0,49598.63,Trigo (6)
4316907,3,284.0,38493.92,
4316972,8,755.77,94118.57,"Canola (5), Trigo (3)"
4317004,3,235.27,21900.8,
4317103,28,1397.7,818000.81,"Uva (17), Trigo (6), Pecuário (3)"
4317202,45,1065.41,243373.55,"Trigo (38), Canola (5)"
4317251,39,138.38,124188.24,Uva (39)
4317400,18,1585.92,294726.76,"Trigo (11), Canola (7)"
4317509,44,1747.66,311824.18,"Trigo (32), Canola (10)"
4317707,110,8468.29,1487753.33,"Trigo (82), Canola (28)"
4317756,6,200.0,49895.56,Trigo (5)
4317806,38,1877.03,409092.83,Trigo (38)
4317905,11,207.02,41409.23,Trigo (9)
4318002,79,6972.84,1188531.74,"Trigo (58), Canola (20)"
4318101,12,1556.0,272043.84,"Trigo (8), Canola (3)"
4318200,56,381.89,1006935.18,"Uva (27), Maçã (19), Cenoura (4)"
4318309,19,2623.0,364406.17,"Trigo (13), Canola (6)"
4318408,4,96.25,14090.8,
4318424,3,57.59,13157.01,Trigo (3)
4318440,35,150.41,327481.09,Uva (34)
4318457,6,151.08,24681.45,Trigo (6)
4318499,5,131.69,18463.83,Trigo (4)
4318507,87,188.0,254782.38,Cebola (86)
4318606,19,786.99,133584.54,"Trigo (11), Aveia (5)"
4318622,10,40.67,85736.94,Maçã (8)
4318903,90,6429.36,1120416.14,"Trigo (57), Canola (29), Carinata (3)"
4319000,85,221.49,315633.45,"Uva (76), Alho (3)"
4319109,31,1084.55,221786.8,Trigo (31)
4319125,11,792.3,92090.48,"Canola (6), Aveia (3)"
4319158,105,7732.23,1490657.9,"Trigo (63), Canola (37), Aveia (5)"
4319208,30,1936.54,256195.25,"Trigo (17), Canola (11)"
4319307,5,63.36,12569.94,Trigo (5)
4319364,5,227.23,44549.03,Trigo (4)
4319604,4,224.0,33290.88,Canola (4)
4319703,6,33.68,32744.91,Uva (5)
4319711,80,235.18,353897.48,Uva (80)
4319737,9,307.71,62280.05,Trigo (9)
4319802,6,1258.0,138981.3,Aveia (6)
4320107,34,675.78,151293.88,"Trigo (26), Uva (6)"
4320230,26,715.08,145176.55,Trigo (26)
4320263,3,22.7,8122.99,
4320305,14,332.73,58139.91,Trigo (12)
4320321,19,510.76,100254.24,Trigo (17)
4320503,12,442.95,106179.25,"Trigo (6), Feijão 2ª safra (4)"
4320578,26,481.78,90499.42,"Trigo (21), Canola (4)"
4320800,15,880.27,174511.69,"Trigo (10), Canola (5)"
4320909,4,118.1,19951.38,Trigo (3)
4321006,24,847.56,150880.16,Trigo (19)
4321402,19,303.42,92327.95,Trigo (17)
4321477,10,211.49,44931.74,Trigo (8)
4321493,3,104.44,14744.97,
4321808,45,985.0,190300.64,Trigo (44)
4321857,26,703.17,142675.3,Trigo (23)
4321907,12,290.55,53404.67,Trigo (10)
4321956,10,338.1,43190.92,Trigo (10)
4322103,13,433.63,88248.42,Trigo (11)
4322152,17,693.44,103791.55,"Trigo (9), Aveia (6)"
4322186,7,408.54,73465.06,Trigo (7)
4322202,71,10132.06,1778386.88,"Canola (38), Trigo (30), Aveia (3)"
4322301,11,256.03,59036.54,Trigo (10)
4322343,6,111.67,26966.65,Trigo (5)
4322376,5,1043.0,120529.24,Trigo (5)
4322509,196,3088.15,7705698.68,"Maçã (146), Alho (17), Trigo (14)"
4322541,3,6.49,5082.15,Uva (3)
4322806,78,251.58,271537.92,"Uva (73), Tomate (4)"
4322855,13,26.91,28552.36,Uva (11)
4323200,41,1525.17,294424.28,"Trigo (26), Feijão 2ª safra (7), Canola (6)"
4323309,10,23.2,40110.41,Uva (9)
4323358,16,353.42,76486.32,Trigo (15)
4323408,6,124.35,27829.62,Trigo (3)
4323457,5,213.0,24941.22,Canola (5)
4323754,19,509.39,101773.15,Trigo (18)
5000609,234,18617.06,3601741.76,"Milho 2ª safra (230), Pecuário (4)"
5000708,5,514.11,98654.41,Milho 2ª safra (5)
5000807,36,3121.89,413150.8,"Milho 2ª safra (21), Sorgo (15)"
5000856,15,1942.0,363536.06,"Milho 2ª safra (12), Cana-de-açúcar (3)"
5000906,25,2778.97,438441.54,Milho 2ª safra (24)
5001102,4,403.0,86058.72,
5001243,144,12082.83,2217705.83,Milho 2ª safra (144)
5001508,8,1546.0,176229.57,"Milho 2ª safra (5), Sorgo (3)"
5001904,8,672.85,140234.02,Milho 2ª safra (6)
5002001,71,5158.81,815634.83,Milho 2ª safra (70)
5002100,23,1942.77,395009.32,"Milho 2ª safra (14), Sorgo (7)"
5002209,15,2192.38,341943.55,Milho 2ª safra (13)
5002407,142,12098.24,2123100.97,Milho 2ª safra (141)
5002605,15,2479.24,176984.42,"Pecuário (10), Milho 2ª safra (4)"
5002704,81,14654.7,1617324.24,"Milho 2ª safra (70), Sorgo (4), Pecuário (3)"
5002803,4,789.0,123136.35,
5002951,5,843.0,123286.46,Milho 2ª safra (4)
5003157,8,1246.48,196142.67,Milho 2ª safra (8)
5003207,4,0.0,71185.4,Pecuário (4)
5003256,3,425.0,29542.29,
5003454,36,2550.64,528784.33,Milho 2ª safra (36)
5003488,13,2287.23,391139.04,Milho 2ª safra (12)
5003504,75,3718.18,705240.24,Milho 2ª safra (75)
5003702,529,35372.55,7444460.97,"Milho 2ª safra (521), Sorgo (7)"
5003751,21,2721.94,454576.38,Milho 2ª safra (18)
5003801,39,1244.81,244871.86,Milho 2ª safra (39)
5004007,8,292.79,66417.69,Milho 2ª safra (8)
5004106,22,2684.3,447010.33,Milho 2ª safra (19)
5004304,17,1734.28,356949.29,Milho 2ª safra (13)
5004502,176,14546.4,2642575.86,Milho 2ª safra (176)
5004601,85,7780.83,1152350.86,Milho 2ª safra (82)
5004700,14,2826.5,422887.99,Milho 2ª safra (14)
5004908,18,1141.86,210303.41,Milho 2ª safra (16)
5005004,9,869.43,145059.81,Milho 2ª safra (8)
5005152,18,1816.25,315413.85,Milho 2ª safra (18)
5005251,124,13536.13,2529603.13,Milho 2ª safra (124)
5005400,117,14817.4,2679218.82,Milho 2ª safra (117)
5005681,18,1098.05,221209.29,Milho 2ª safra (14)
5005707,92,15164.3,2443987.29,Milho 2ª safra (92)
5005806,3,297.0,52238.79,
5006002,35,2859.81,422697.15,"Milho 2ª safra (30), Sorgo (3)"
5006200,35,2874.02,446167.76,"Milho 2ª safra (25), Sorgo (9)"
5006309,11,572.0,55785.8,Pecuário (9)
5006358,3,210.0,43990.97,Milho 2ª safra (3)
5006606,255,24918.36,4703806.62,Milho 2ª safra (254)
5006903,9,1402.0,220640.35,Milho 2ª safra (9)
5007109,37,36131.28,812937.82,Floresta (34)
5007208,101,10153.37,1901878.5,Milho 2ª safra (101)
5007406,3,162.0,33873.4,
5007695,11,1338.0,265564.58,Milho 2ª safra (10)
5007703,40,3784.26,778739.11,Milho 2ª safra (40)
5007901,183,22324.05,3794845.75,Milho 2ª safra (181)
5007935,20,334.67,102535.54,"Milho 2ª safra (17), Pecuário (3)"
5007950,17,2349.51,358925.4,Milho 2ª safra (17)
5008008,19,767.0,124499.94,"Pecuário (12), Milho 2ª safra (7)"
5008305,15,2302.79,110690.4,"Pecuário (10), Floresta (5)"
5008404,21,990.38,176671.84,Milho 2ª safra (20)
5100250,8,905.0,98287.09,"Milho 2ª safra (5), Pecuário (3)"
5100300,12,2032.43,274187.6,Milho 2ª safra (8)
5100409,3,513.51,126070.95,
5100607,24,4268.26,433789.08,Milho 2ª safra (22)
5100805,3,49.0,6688.27,
5101803,4,0.0,42622.26,Pecuário (4)
5101902,5,889.27,111790.83,Milho 2ª safra (4)
5102504,15,0.0,71741.92,Pecuário (15)
5102603,3,0.0,24745.52,Pecuário (3)
5102678,5,1430.0,118488.03,Milho 2ª safra (5)
5102686,4,649.0,73705.97,Milho 2ª safra (4)
5102702,14,3517.84,497224.7,Milho 2ª safra (13)
5102793,5,734.0,101108.8,Pecuário (3)
5103304,4,904.67,172404.96,Milho 2ª safra (4)
5103379,3,0.0,1534.83,Pecuário (3)
5103502,4,511.0,52011.43,Milho 2ª safra (4)
5103858,8,1025.95,118555.63,Milho 2ª safra (8)
5104526,3,591.0,73791.84,Milho 2ª safra (3)
5105507,6,223.0,66101.37,Pecuário (5)
5105606,3,57.0,15420.58,
5106158,5,0.0,1459.68,Pecuário (5)
5106224,3,578.0,76865.5,Milho 2ª safra (3)
5106240,12,953.39,159277.32,Milho 2ª safra (11)
5106257,3,0.0,21265.59,Pecuário (3)
5106281,3,732.0,107392.91,
5106299,4,746.0,69862.73,Milho 2ª safra (3)
5106307,10,2280.89,395111.59,Milho 2ª safra (10)
5106455,5,1286.43,186108.38,Milho 2ª safra (5)
5107008,3,220.0,54572.01,
5107065,12,3475.43,533511.46,Milho 2ª safra (12)
5107792,4,782.0,93467.28,Milho 2ª safra (4)
5107859,3,1530.0,132876.1,Milho 2ª safra (3)
5107925,13,2689.2,310516.75,Milho 2ª safra (12)
5107941,18,1488.0,153478.3,Milho 2ª safra (18)
5108006,3,602.0,69290.06,Milho 2ª safra (3)
5108055,3,84.0,12326.86,
5108501,3,155.0,23144.86,
5108600,4,1227.0,215790.81,Milho 2ª safra (4)
5108857,3,240.0,39763.28,Milho 2ª safra (3)
5108956,13,302.0,44781.67,"Pecuário (9), Milho 2ª safra (4)"
5200100,7,351.35,118264.8,"Milho 2ª safra (3), Tomate (3)"
5200134,57,7384.56,1273509.38,"Milho 2ª safra (54), Sorgo (3)"
5200175,4,181.39,22364.9,Milho 2ª safra (3)
5200308,6,353.83,62486.92,Sorgo (3)
5201108,7,723.76,140278.63,Pecuário (4)
5201306,6,382.0,60900.38,Milho 2ª safra (5)
5201454,3,369.0,37657.68,
5201504,3,163.0,13910.3,
5202155,4,0.0,28112.34,Pecuário (4)
5203104,8,150.29,33422.11,Milho 2ª safra (8)
5203500,24,2226.84,310552.45,"Milho 2ª safra (18), Cana-de-açúcar (5)"
5203575,7,1887.1,304393.26,Milho 2ª safra (6)
5203609,3,83.61,8726.72,
5203807,4,0.0,20131.59,Pecuário (4)
5203906,15,2215.63,273290.85,"Sorgo (8), Milho 2ª safra (7)"
5204300,6,0.0,7230.15,Pecuário (6)
5204409,20,3830.03,514191.66,"Milho 2ª safra (13), Sorgo (7)"
5204508,14,1634.43,224640.24,"Sorgo (9), Milho 2ª safra (5)"
5204656,4,381.0,60080.91,Milho 2ª safra (3)
5204706,4,0.0,2850.36,Pecuário (4)
5204805,30,1851.0,616289.77,"Alho (15), Pecuário (5), Sorgo (5)"
5205059,10,1128.01,167471.48,"Milho 2ª safra (6), Sorgo (4)"
5205109,21,2153.0,323250.22,"Sorgo (11), Milho 2ª safra (9)"
5205455,8,977.4,162318.79,Milho 2ª safra (7)
5205471,5,923.0,126641.66,Milho 2ª safra (5)
5205802,5,92.79,55884.97,Milho 2ª safra (3)
5205901,12,1576.0,234429.94,"Sorgo (7), Milho 2ª safra (4)"
5206206,29,2800.67,410608.55,"Milho 2ª safra (19), Sorgo (6), Pecuário (3)"
5206404,7,0.0,27719.55,Pecuário (7)
5206602,3,52.0,17127.89,
5206909,5,380.43,59731.79,Sorgo (3)
5207253,6,513.0,85424.57,"Milho 2ª safra (3), Pecuário (3)"
5207352,18,1913.8,291748.93,"Milho 2ª safra (14), Sorgo (3)"
5207402,28,3808.63,480347.58,"Milho 2ª safra (18), Sorgo (10)"
5207535,4,0.0,39092.22,Pecuário (4)
5207808,10,1654.61,240577.4,"Milho 2ª safra (7), Sorgo (3)"
5208004,4,362.0,54962.97,Milho 2ª safra (3)
5208152,5,893.36,129559.03,Milho 2ª safra (3)
5208400,3,60.75,10124.34,Milho 2ª safra (3)
5208509,4,264.0,38440.38,
5208905,4,88.0,15118.67,Milho 2ª safra (4)
5209101,75,8933.16,1331648.09,"Milho 2ª safra (56), Sorgo (13), Pecuário (4)"
5209150,6,814.06,65779.96,"Cana-de-açúcar (3), Milho 2ª safra (3)"
5209937,20,911.64,177736.06,"Milho 2ª safra (8), Pecuário (7), Sorgo (5)"
5209952,16,2281.72,402007.1,"Milho 2ª safra (13), Sorgo (3)"
5210109,29,3101.4,420221.93,"Milho 2ª safra (16), Sorgo (11)"
5210406,7,197.0,38643.11,Milho 2ª safra (6)
5211503,37,3176.46,527567.58,"Milho 2ª safra (24), Sorgo (10)"
5211701,13,1620.46,274574.65,"Milho 2ª safra (8), Sorgo (5)"
5211909,37,2901.97,537494.28,"Milho 2ª safra (29), Sorgo (6)"
5212105,18,1156.1,168260.08,"Milho 2ª safra (15), Sorgo (3)"
5212303,3,279.09,46420.34,Milho 2ª safra (3)
5212501,9,1018.0,169264.46,"Milho 2ª safra (6), Pecuário (3)"
5212600,6,414.0,93308.92,Milho 2ª safra (4)
5213004,16,2003.84,277544.71,Milho 2ª safra (15)
5213103,19,183.08,59678.88,Pecuário (18)
5213756,12,1754.34,275979.99,Milho 2ª safra (11)
5213806,28,3144.91,366809.98,"Milho 2ª safra (12), Sorgo (11), Pecuário (4)"
5213905,3,1096.0,84202.7,Milho 2ª safra (3)
5214606,10,1361.0,272213.18,Milho 2ª safra (6)
5214838,5,186.0,61530.02,Pecuário (4)
5215306,11,667.0,94674.87,"Milho 2ª safra (8), Sorgo (3)"
5215603,8,778.8,205321.08,Milho 2ª safra (7)
5215652,6,127.0,39142.71,Pecuário (4)
5215702,38,3887.54,570923.56,Milho 2ª safra (36)
5215900,9,1434.27,240642.33,Milho 2ª safra (8)
5216007,7,564.14,90428.47,"Sorgo (4), Milho 2ª safra (3)"
5216403,40,4756.12,780087.37,Milho 2ª safra (38)
5217104,22,3123.0,356097.42,"Sorgo (12), Milho 2ª safra (10)"
5217302,3,211.4,61237.35,
5217609,4,236.8,61114.29,
5217708,28,2840.56,442581.43,"Milho 2ª safra (14), Sorgo (9), Pecuário (5)"
5218052,3,431.03,82310.35,
5218102,3,246.0,46238.65,Milho 2ª safra (3)
5218508,39,3477.5,510493.79,"Milho 2ª safra (25), Sorgo (10), Pecuário (3)"
5218805,195,19482.61,3885502.28,"Milho 2ª safra (178), Sorgo (15)"
5219209,3,223.0,36965.7,Milho 2ª safra (3)
5219308,127,14141.81,2581654.46,"Milho 2ª safra (122), Sorgo (5)"
5219704,3,0.0,27203.06,Pecuário (3)
5219712,12,1580.96,309852.95,Milho 2ª safra (12)
5220009,6,394.5,59380.54,Milho 2ª safra (4)
5220058,6,812.38,121014.76,Milho 2ª safra (6)
5220207,8,0.0,17664.6,Pecuário (8)
5220454,5,74.13,19848.5,Milho 2ª safra (5)
5220504,11,950.64,131962.55,Milho 2ª safra (6)
5220603,19,2757.62,337526.68,"Milho 2ª safra (8), Tomate (7), Sorgo (4)"
5221551,20,3000.41,378290.64,"Milho 2ª safra (14), Sorgo (6)"
5222005,8,1146.0,172353.35,Milho 2ª safra (7)
5222054,25,2941.57,456342.28,"Milho 2ª safra (19), Sorgo (6)"
5300108,7,309.43,70834.95,Milho 2ª safra (5)
